{
            "inv_track_id": -1,
            "object_version_number": 0,
            "invoice_request_no": "INV-REEQ-1",
            "invoice_category": null,
            "invoice_type": null,
            "person_id": 300000004768858,
            "po_type": "STANDARD",
            "po_number": "QIA-21-10093-PO",
            "po_description": null,
            "vendor_id": 300000004778354,
            "vendor_name": "QIA1004",
            "invoice_no": "INV-2022",
            "invoice_date": "2022-01-01T00:00:00Z",
            "grn_number": "100001",
            "po_amount": 30000,
            "po_amt_inv_track": 30000,
            "po_inv_paid_amt": null,
            "amount": null,
            "charge_account": "00010.00000.000000.00000.000000.00000.00000",
            "charge_account_desc": "QIA       .Zz.Default.Zz.Zz.Zz.Zz",
            "department": null,
            "department_approver": null,
            "approver1": null,
            "approver2": null,
            "approver3": null,
            "approver4": null,
            "approver5": null,
            "comments": null,
            "status": "Approved",
            "creation_date": "2022-01-18T00:00:00Z",
            "created_by": "deepakraj.c@4iapps.com",
            "last_update_date": "2022-01-22T00:00:00Z",
            "last_updated_by": "deepakraj.c@4iapps.com",
            "last_update_login": "deepakraj.c@4iapps.com",
            "vendor_no": "10005",
            "po_release_no": "1",
            "invoice_description": "TESTING AP PASS",
            "currency_code": "QAR",
            "currency_description": "Qatari Rial",
            "func_id": 1,
            "department_approver_email": null,
            "department_approver_name": null,
            "approver_id": -1,
            "approver_name": null,
            "approver_number": null,
            "approver_email": null,
            "approver_level": null,
            "inv_required": "true",
            "integration_status": "Error",
            "integration_message": "ICS runtime execution error",
            "saas_invoice_id": null
}