{
  "title": "",
  "description": "",
  "variables": {
    "CurrentRow": {
      "type": "invoiceHeaderType"
    },
    "invoiceHeaderADP": {
      "type": "vb/ArrayDataProvider2",
      "defaultValue": {
        "itemType": "invoiceHeaderType",
        "keyAttributes": "inv_track_id"
      }
    }
  },
  "metadata": {},
  "types": {
    "@decorators.invoiceHeaderType": {
      "endpoint": "postXxinvoicehdr",
      "service": "QIA",
      "path": "request"
    },
    "invoiceHeaderType": {
      "inv_track_id": "number",

      "invoice_description": "string",
      "invoice_no": "string",
      "invoice_request_no": "string"

    }
  },
  "eventListeners": {
    "ojButtonOjAction": {
      "chains": [
        {
          "chainId": "onClickSave"
        }
      ]
    },
    "ojTableOjBeforeRowEdit": {
      "chains": [
        {
          "chainId": "TableBeforeRowEditChain",
          "parameters": {
            "rowKey": "{{$event.detail.rowContext.status.rowKey}}",
            "rowIndex": "{{$event.detail.rowContext.status.rowIndex}}",
            "rowData": "{{$event.detail.rowContext.componentElement.getDataForVisibleRow($event.detail.rowContext.status.rowIndex).data}}"
          }
        }
      ]
    },
    "ojTableOjBeforeRowEditEnd": {
      "chains": [
        {
          "chainId": "TableBeforeRowEditEndChain",
          "parameters": {
            "cancelEdit": "{{$event.detail.cancelEdit}}",
            "rowKey": "{{$event.detail.rowContext.status.rowKey}}",
            "rowIndex": "{{$event.detail.rowContext.status.rowIndex}}",
            "rowData": "{{$event.detail.rowContext.componentElement.getDataForVisibleRow($event.detail.rowContext.status.rowIndex).data}}"
          }
        }
      ]
    },
    "vbEnter": {
      "chains": [
        {
          "chainId": "pageLoad",
          "parameters": {}
        }
      ]
    }

  },
  "imports": {
    "components": {
      "oj-button": {
        "path": "ojs/ojbutton"
      },
      "oj-input-text": {
        "path": "ojs/ojinputtext"
      },
      "oj-table": {
        "path": "ojs/ojtable"
      }
    }
  }
}
