{
  "description": "Navigates to the flow selected in the navigation tab.",
  "variables": {
    "item": {
      "required": true,
      "type": "string",
      "input": "fromCaller"
    },
    "updatedFrom": {
      "type": "string",
      "input": "fromCaller"
    }
  },
  "root": "test",
  "actions": {
    "test": {
      "module": "vb/action/builtin/ifAction",
      "parameters": {
        "condition": "{{ $variables.updatedFrom !== 'external' }}"
      },
      "outcomes": {
        "true": "switch1"
      }
    },
    "switch1": {
      "module": "vb/action/builtin/switchAction",
      "outcomes": {
        "item-1": "navigateToPage0",
        "item-2": "navigateToPage1",
        "item-3": "navigateToPage2",
        "item-4": "navigateToPage3"
      },
      "parameters": {
        "caseValue": "{{ $chain.variables.item }}"
      }
    },
    "navigateToPage0": {
      "module": "vb/action/builtin/navigateAction",
      "parameters": {
        "page": "shell/item-1"
      }
    },
    "navigateToPage1": {
      "module": "vb/action/builtin/navigateAction",
      "parameters": {
        "page": "shell/item-2"
      }
    },
    "navigateToPage2": {
      "module": "vb/action/builtin/navigateAction",
      "parameters": {
        "page": "shell/item-3"
      }
    },
    "navigateToPage3": {
      "module": "vb/action/builtin/navigateAction",
      "parameters": {
        "page": "shell/item-4"
      }
    }
  }
}