{
  "description": "",
  "root": "forEachInInvoiceHeaderADP",
  "actions": {
    "fireNotification": {
      "module": "vb/action/builtin/fireNotificationEventAction",
      "parameters": {
        "target": "leaf",
        "summary": "[[ $chain.results.callRestPutXxinvoicehdrInvhdrid.message.summary ]]",
        "type": "error",
        "displayMode": "persist"
      }
    },
    "callRestPutXxinvoicehdrInvhdrid": {
      "module": "vb/action/builtin/restAction",
      "parameters": {
        "endpoint": "QIA/putXxinvoicehdrInvhdrid",
        "uriParams": {
          "invhdrid": "{{ $page.variables.invoiceHeaderADP.data[$current.index].inv_track_id }}"
        },
        "body": "{{ $page.variables.invoiceHeaderADP.data[$current.index] }}"
      },
      "outcomes": {
        "failure": "fireNotification"
      }
    },
    "fireNotification3": {
      "module": "vb/action/builtin/fireNotificationEventAction",
      "parameters": {
        "target": "leaf",
        "summary": "Record Saved Successfully",
        "displayMode": "transient",
        "type": "confirmation"
      },
      "outcomes": {
        "success": "callChainPageLoad"
      }
    },
    "forEachInInvoiceHeaderADP": {
      "module": "vb/action/builtin/forEachAction",
      "parameters": {
        "actionId": "callRestPutXxinvoicehdrInvhdrid",
        "items": "{{ $page.variables.invoiceHeaderADP.data }}"
      },
      "outcomes": {
        "success": "fireNotification3"
      }
    },
    "callChainPageLoad": {
      "module": "vb/action/builtin/callChainAction",
      "parameters": {
        "id": "pageLoad"
      }
    }
  },
  "variables": {}
}