{
  "root": "callRestGetXxinvoicehdr",
  "description": "",
  "variables": {},
  "actions": {
    "fireNotification": {
      "module": "vb/action/builtin/fireNotificationEventAction",
      "parameters": {
        "target": "leaf",
        "summary": "[[ $chain.results.callRestGetXxinvoicehdr.message.summary ]]",
        "type": "error",
        "displayMode": "persist"
      }
    },
    "callRestGetXxinvoicehdr": {
      "module": "vb/action/builtin/restAction",
      "parameters": {
        "endpoint": "QIA/getXxinvoicehdr"
      },
      "outcomes": {
        "failure": "fireNotification",
        "success": "assignVariablesInvoiceHeaderADP"
      }
    },
    "assignVariablesInvoiceHeaderADP": {
      "module": "vb/action/builtin/assignVariablesAction",
      "parameters": {
        "$page.variables.invoiceHeaderADP": {
          "source": {
            "data": "{{ $chain.results.callRestGetXxinvoicehdr.body.items }}"
          },
          "auto": "always",
          "mapping": {
            "$target.data": {
              "source": "$source.data",
              "reset": "empty"
            }
          },
          "reset": "empty"
        }
      }
    }
  }
}