{
  "description": "",
  "root": "fireDataProviderEventInvoiceHeaderADP",
  "actions": {
    "fireDataProviderEventInvoiceHeaderADP": {
      "module": "vb/action/builtin/fireDataProviderEventAction",
      "parameters": {
        "target": "[[ $page.variables.invoiceHeaderADP ]]",
        "update": {

          "data": "{{ $page.variables.CurrentRow }}",
          "keys": [
              "{{ $variables.rowKey }}"
            ]
        }
      }
    }
  },
  "variables": {
    "cancelEdit": {
      "required": true,
      "type": "any",
      "input": "fromCaller"
    },
    "rowKey": {
      "required": true,
      "type": "any",
      "input": "fromCaller"
    },
    "rowIndex": {
      "required": true,
      "type": "number",
      "input": "fromCaller"
    },
    "rowData": {
      "required": true,
      "type": "any",
      "input": "fromCaller"
    }
  }
}