{
    "openapi": "3.0.0",
    "info": {
        "title": "QIA Service",
        "version": "1.0.0"
    },
    "servers": [
        {
            "url": "http://143.47.185.0:8080/ords/qiaordswst1",
            "description": "Ords Qiaordswst1",
            "x-vb": {
                "forceProxy": "cors"
            }
        }
    ],
    "paths": {
        "/xxinvoicehdr/": {
            "get": {
                "operationId": "getXxinvoicehdr",
                "responses": {
                    "default": {
                        "description": "Response for default",
                        "content": {
                            "application/json": {
                                "schema": {
                                    "$ref": "#/components/schemas/GetXxinvoicehdr"
                                },
                                "examples": {
                                    "vb": {
                                        "summary": "Example stored by VB User",
                                        "externalValue": "./examples/getXxinvoicehdr/response_default_application_json_vb.json"
                                    }
                                }
                            }
                        }
                    }
                },
                "x-vb": {
                    "actionHint": "getMany"
                }
            },
            "post": {
                "operationId": "postXxinvoicehdr",
                "requestBody": {
                    "content": {
                        "application/json": {
                            "schema": {
                                "$ref": "#/components/schemas/PostXxinvoicehdrRequest"
                            },
                            "examples": {
                                "vb": {
                                    "summary": "Example stored by VB User",
                                    "externalValue": "./examples/postXxinvoicehdr/request_application_json_vb.json"
                                }
                            }
                        }
                    }
                },
                "responses": {
                    "default": {
                        "description": "Response for default",
                        "content": {
                            "application/json": {
                                "schema": {
                                    "$ref": "#/components/schemas/PostXxinvoicehdrResponse"
                                },
                                "examples": {
                                    "vb": {
                                        "summary": "Example stored by VB User",
                                        "externalValue": "./examples/postXxinvoicehdr/response_default_application_json_vb.json"
                                    }
                                }
                            }
                        }
                    }
                },
                "x-vb": {
                    "actionHint": "getMany"
                }
            }
        },
        "/xxinvoicehdr/{invhdrid}": {
            "parameters": [
                {
                    "name": "invhdrid",
                    "in": "path",
                    "required": true,
                    "schema": {
                        "type": "string"
                    }
                }
            ],
            "get": {
                "operationId": "getXxInvoiceHdrId",
                "responses": {
                    "default": {
                        "description": "Response for default",
                        "content": {
                            "application/json": {
                                "schema": {
                                    "$ref": "#/components/schemas/GetXxinvoicehdrInvhdrid"
                                },
                                "examples": {
                                    "vb": {
                                        "summary": "Example stored by VB User",
                                        "externalValue": "./examples/getXxInvoiceHdrId/response_default_application_json_vb.json"
                                    }
                                }
                            }
                        }
                    }
                },
                "x-vb": {
                    "actionHint": "getMany"
                }
            },
            "put": {
                "operationId": "putXxinvoicehdrInvhdrid",
                "requestBody": {
                    "content": {
                        "application/json": {
                            "schema": {
                                "$ref": "#/components/schemas/PutXxinvoicehdrRequest"
                            },
                            "examples": {
                                "vb": {
                                    "externalValue": "./examples/putXxinvoicehdr/request_application_json_vb.json"
                                }
                            }
                        }
                    }
                },
                "responses": {
                    "default": {
                        "description": "Response for default",
                        "content": {
                            "application/json": {
                                "schema": {
                                    "$ref": "#/components/schemas/PutXxinvoicehdrInvhdridResponse"
                                },
                                "examples": {
                                    "vb": {
                                        "summary": "Example stored by VB User",
                                        "externalValue": "./examples/putXxinvoicehdrInvhdrid/response_default_application_json_vb.json"
                                    }
                                }
                            }
                        }
                    }
                },
                "x-vb": {
                    "actionHint": "getMany"
                }
            },
            "delete": {
                "operationId": "deleteInvoiceHdrId",
                "responses": {
                    "default": {
                        "description": "Response for default",
                        "content": {
                            "application/json": {
                                "schema": {
                                    "$ref": "#/components/schemas/DeleteXxinvoicehdrInvhdridResponse"
                                },
                                "examples": {
                                    "vb": {
                                        "summary": "Example stored by VB User",
                                        "externalValue": "./examples/deleteInvoiceHdrId/response_default_application_json_vb.json"
                                    }
                                }
                            }
                        }
                    }
                },
                "x-vb": {
                    "actionHint": "getMany"
                }
            }
        }
    },
    "components": {
        "schemas": {
            "GetXxinvoicehdr": {
                "type": "object",
                "properties": {
                    "items": {
                        "type": "array",
                        "items": {
                            "type": "object",
                            "properties": {
                                "inv_track_id": {
                                    "type": "integer"
                                },
                                "object_version_number": {
                                    "type": "integer"
                                },
                                "invoice_request_no": {
                                    "type": "string"
                                },
                                "invoice_category": {
                                    "nullable": true
                                },
                                "invoice_type": {
                                    "nullable": true
                                },
                                "person_id": {
                                    "type": "integer"
                                },
                                "po_type": {
                                    "type": "string",
                                    "nullable": true
                                },
                                "po_number": {
                                    "type": "string",
                                    "nullable": true
                                },
                                "po_description": {
                                    "nullable": true
                                },
                                "vendor_id": {
                                    "type": "integer",
                                    "nullable": true
                                },
                                "vendor_name": {
                                    "type": "string"
                                },
                                "invoice_no": {
                                    "type": "string"
                                },
                                "invoice_date": {
                                    "type": "string"
                                },
                                "grn_number": {
                                    "type": "string",
                                    "nullable": true
                                },
                                "po_amount": {
                                    "type": "integer",
                                    "nullable": true
                                },
                                "po_amt_inv_track": {
                                    "type": "integer",
                                    "nullable": true
                                },
                                "po_inv_paid_amt": {
                                    "type": "integer"
                                },
                                "amount": {
                                    "type": "integer"
                                },
                                "charge_account": {
                                    "type": "string"
                                },
                                "charge_account_desc": {
                                    "type": "string"
                                },
                                "department": {
                                    "type": "string"
                                },
                                "department_approver": {
                                    "type": "integer"
                                },
                                "approver1": {
                                    "nullable": true
                                },
                                "approver2": {
                                    "nullable": true
                                },
                                "approver3": {
                                    "nullable": true
                                },
                                "approver4": {
                                    "nullable": true
                                },
                                "approver5": {
                                    "nullable": true
                                },
                                "comments": {
                                    "type": "string"
                                },
                                "status": {
                                    "type": "string"
                                },
                                "creation_date": {
                                    "type": "string"
                                },
                                "created_by": {
                                    "type": "string"
                                },
                                "last_update_date": {
                                    "type": "string"
                                },
                                "last_updated_by": {
                                    "type": "string"
                                },
                                "last_update_login": {
                                    "type": "string"
                                },
                                "vendor_no": {
                                    "type": "string"
                                },
                                "po_release_no": {
                                    "type": "string",
                                    "nullable": true
                                },
                                "invoice_description": {
                                    "type": "string"
                                },
                                "currency_code": {
                                    "type": "string"
                                },
                                "currency_description": {
                                    "type": "string"
                                },
                                "func_id": {
                                    "type": "integer"
                                },
                                "department_approver_email": {
                                    "type": "string"
                                },
                                "department_approver_name": {
                                    "type": "string"
                                },
                                "approver_id": {
                                    "type": "integer"
                                },
                                "approver_name": {
                                    "type": "string"
                                },
                                "approver_number": {
                                    "type": "string"
                                },
                                "approver_email": {
                                    "type": "string"
                                },
                                "approver_level": {
                                    "type": "integer"
                                },
                                "inv_required": {
                                    "type": "string",
                                    "nullable": true
                                },
                                "integration_status": {
                                    "type": "string"
                                },
                                "integration_message": {
                                    "type": "string",
                                    "nullable": true
                                },
                                "saas_invoice_id": {
                                    "type": "integer"
                                },
                                "links": {
                                    "type": "array",
                                    "items": {
                                        "type": "object",
                                        "properties": {
                                            "rel": {
                                                "type": "string"
                                            },
                                            "href": {
                                                "type": "string"
                                            }
                                        }
                                    }
                                }
                            }
                        }
                    },
                    "hasMore": {
                        "type": "boolean"
                    },
                    "limit": {
                        "type": "integer"
                    },
                    "offset": {
                        "type": "integer"
                    },
                    "count": {
                        "type": "integer"
                    },
                    "links": {
                        "type": "array",
                        "items": {
                            "type": "object",
                            "properties": {
                                "rel": {
                                    "type": "string"
                                },
                                "href": {
                                    "type": "string"
                                }
                            }
                        }
                    }
                }
            },
            "PostXxinvoicehdrResponse": {
                "type": "object",
                "properties": {
                    "inv_track_id": {
                        "type": "integer"
                    },
                    "object_version_number": {
                        "type": "integer"
                    },
                    "invoice_request_no": {
                        "type": "string"
                    },
                    "invoice_category": {
                        "nullable": true
                    },
                    "invoice_type": {
                        "nullable": true
                    },
                    "person_id": {
                        "type": "integer"
                    },
                    "po_type": {
                        "type": "string"
                    },
                    "po_number": {
                        "type": "string"
                    },
                    "po_description": {
                        "nullable": true
                    },
                    "vendor_id": {
                        "type": "integer"
                    },
                    "vendor_name": {
                        "type": "string"
                    },
                    "invoice_no": {
                        "type": "string"
                    },
                    "invoice_date": {
                        "type": "string"
                    },
                    "grn_number": {
                        "type": "string"
                    },
                    "po_amount": {
                        "type": "integer"
                    },
                    "po_amt_inv_track": {
                        "type": "integer"
                    },
                    "po_inv_paid_amt": {
                        "nullable": true
                    },
                    "amount": {
                        "nullable": true
                    },
                    "charge_account": {
                        "type": "string"
                    },
                    "charge_account_desc": {
                        "type": "string"
                    },
                    "department": {
                        "nullable": true
                    },
                    "department_approver": {
                        "nullable": true
                    },
                    "approver1": {
                        "nullable": true
                    },
                    "approver2": {
                        "nullable": true
                    },
                    "approver3": {
                        "nullable": true
                    },
                    "approver4": {
                        "nullable": true
                    },
                    "approver5": {
                        "nullable": true
                    },
                    "comments": {
                        "nullable": true
                    },
                    "status": {
                        "type": "string"
                    },
                    "creation_date": {
                        "type": "string"
                    },
                    "created_by": {
                        "type": "string"
                    },
                    "last_update_date": {
                        "type": "string"
                    },
                    "last_updated_by": {
                        "type": "string"
                    },
                    "last_update_login": {
                        "type": "string"
                    },
                    "vendor_no": {
                        "type": "string"
                    },
                    "po_release_no": {
                        "type": "string"
                    },
                    "invoice_description": {
                        "type": "string"
                    },
                    "currency_code": {
                        "type": "string"
                    },
                    "currency_description": {
                        "type": "string"
                    },
                    "func_id": {
                        "type": "integer"
                    },
                    "department_approver_email": {
                        "nullable": true
                    },
                    "department_approver_name": {
                        "nullable": true
                    },
                    "approver_id": {
                        "type": "integer"
                    },
                    "approver_name": {
                        "nullable": true
                    },
                    "approver_number": {
                        "nullable": true
                    },
                    "approver_email": {
                        "nullable": true
                    },
                    "approver_level": {
                        "nullable": true
                    },
                    "inv_required": {
                        "type": "string"
                    },
                    "integration_status": {
                        "type": "string"
                    },
                    "integration_message": {
                        "type": "string"
                    },
                    "saas_invoice_id": {
                        "nullable": true
                    },
                    "links": {
                        "type": "array",
                        "items": {
                            "type": "object",
                            "properties": {
                                "rel": {
                                    "type": "string"
                                },
                                "href": {
                                    "type": "string"
                                }
                            }
                        }
                    }
                }
            },
            "PostXxinvoicehdrRequest": {
                "type": "object",
                "properties": {
                    "inv_track_id": {
                        "type": "integer"
                    },
                    "object_version_number": {
                        "type": "integer"
                    },
                    "invoice_request_no": {
                        "type": "string"
                    },
                    "invoice_category": {
                        "nullable": true
                    },
                    "invoice_type": {
                        "nullable": true
                    },
                    "person_id": {
                        "type": "integer"
                    },
                    "po_type": {
                        "type": "string"
                    },
                    "po_number": {
                        "type": "string"
                    },
                    "po_description": {
                        "nullable": true
                    },
                    "vendor_id": {
                        "type": "integer"
                    },
                    "vendor_name": {
                        "type": "string"
                    },
                    "invoice_no": {
                        "type": "string"
                    },
                    "invoice_date": {
                        "type": "string"
                    },
                    "grn_number": {
                        "type": "string"
                    },
                    "po_amount": {
                        "type": "integer"
                    },
                    "po_amt_inv_track": {
                        "type": "integer"
                    },
                    "po_inv_paid_amt": {
                        "nullable": true
                    },
                    "amount": {
                        "nullable": true
                    },
                    "charge_account": {
                        "type": "string"
                    },
                    "charge_account_desc": {
                        "type": "string"
                    },
                    "department": {
                        "nullable": true
                    },
                    "department_approver": {
                        "nullable": true
                    },
                    "approver1": {
                        "nullable": true
                    },
                    "approver2": {
                        "nullable": true
                    },
                    "approver3": {
                        "nullable": true
                    },
                    "approver4": {
                        "nullable": true
                    },
                    "approver5": {
                        "nullable": true
                    },
                    "comments": {
                        "nullable": true
                    },
                    "status": {
                        "type": "string"
                    },
                    "creation_date": {
                        "type": "string"
                    },
                    "created_by": {
                        "type": "string"
                    },
                    "last_update_date": {
                        "type": "string"
                    },
                    "last_updated_by": {
                        "type": "string"
                    },
                    "last_update_login": {
                        "type": "string"
                    },
                    "vendor_no": {
                        "type": "string"
                    },
                    "po_release_no": {
                        "type": "string"
                    },
                    "invoice_description": {
                        "type": "string"
                    },
                    "currency_code": {
                        "type": "string"
                    },
                    "currency_description": {
                        "type": "string"
                    },
                    "func_id": {
                        "type": "integer"
                    },
                    "department_approver_email": {
                        "nullable": true
                    },
                    "department_approver_name": {
                        "nullable": true
                    },
                    "approver_id": {
                        "type": "integer"
                    },
                    "approver_name": {
                        "nullable": true
                    },
                    "approver_number": {
                        "nullable": true
                    },
                    "approver_email": {
                        "nullable": true
                    },
                    "approver_level": {
                        "nullable": true
                    },
                    "inv_required": {
                        "type": "string"
                    },
                    "integration_status": {
                        "type": "string"
                    },
                    "integration_message": {
                        "type": "string"
                    },
                    "saas_invoice_id": {
                        "nullable": true
                    }
                }
            },
            "PutXxinvoicehdrRequest": {
                "type": "object",
                "properties": {
                    "inv_track_id": {
                        "type": "integer"
                    },
                    "object_version_number": {
                        "type": "integer"
                    },
                    "invoice_request_no": {
                        "type": "string"
                    },
                    "invoice_category": {
                        "nullable": true
                    },
                    "invoice_type": {
                        "nullable": true
                    },
                    "person_id": {
                        "type": "integer"
                    },
                    "po_type": {
                        "type": "string"
                    },
                    "po_number": {
                        "type": "string"
                    },
                    "po_description": {
                        "nullable": true
                    },
                    "vendor_id": {
                        "type": "integer"
                    },
                    "vendor_name": {
                        "type": "string"
                    },
                    "invoice_no": {
                        "type": "string"
                    },
                    "invoice_date": {
                        "type": "string"
                    },
                    "grn_number": {
                        "type": "string"
                    },
                    "po_amount": {
                        "type": "integer"
                    },
                    "po_amt_inv_track": {
                        "type": "integer"
                    },
                    "po_inv_paid_amt": {
                        "nullable": true
                    },
                    "amount": {
                        "nullable": true
                    },
                    "charge_account": {
                        "type": "string"
                    },
                    "charge_account_desc": {
                        "type": "string"
                    },
                    "department": {
                        "nullable": true
                    },
                    "department_approver": {
                        "nullable": true
                    },
                    "approver1": {
                        "nullable": true
                    },
                    "approver2": {
                        "nullable": true
                    },
                    "approver3": {
                        "nullable": true
                    },
                    "approver4": {
                        "nullable": true
                    },
                    "approver5": {
                        "nullable": true
                    },
                    "comments": {
                        "nullable": true
                    },
                    "status": {
                        "type": "string"
                    },
                    "creation_date": {
                        "type": "string"
                    },
                    "created_by": {
                        "type": "string"
                    },
                    "last_update_date": {
                        "type": "string"
                    },
                    "last_updated_by": {
                        "type": "string"
                    },
                    "last_update_login": {
                        "type": "string"
                    },
                    "vendor_no": {
                        "type": "string"
                    },
                    "po_release_no": {
                        "type": "string"
                    },
                    "invoice_description": {
                        "type": "string"
                    },
                    "currency_code": {
                        "type": "string"
                    },
                    "currency_description": {
                        "type": "string"
                    },
                    "func_id": {
                        "type": "integer"
                    },
                    "department_approver_email": {
                        "nullable": true
                    },
                    "department_approver_name": {
                        "nullable": true
                    },
                    "approver_id": {
                        "type": "integer"
                    },
                    "approver_name": {
                        "nullable": true
                    },
                    "approver_number": {
                        "nullable": true
                    },
                    "approver_email": {
                        "nullable": true
                    },
                    "approver_level": {
                        "nullable": true
                    },
                    "inv_required": {
                        "type": "string"
                    },
                    "integration_status": {
                        "type": "string"
                    },
                    "integration_message": {
                        "type": "string"
                    },
                    "saas_invoice_id": {
                        "nullable": true
                    }
                }
            },
            "PutXxinvoicehdrInvhdridResponse": {
                "type": "object",
                "properties": {
                    "inv_track_id": {
                        "type": "integer"
                    },
                    "object_version_number": {
                        "type": "integer"
                    },
                    "invoice_request_no": {
                        "type": "string"
                    },
                    "invoice_category": {
                        "nullable": true
                    },
                    "invoice_type": {
                        "nullable": true
                    },
                    "person_id": {
                        "type": "integer"
                    },
                    "po_type": {
                        "type": "string"
                    },
                    "po_number": {
                        "type": "string"
                    },
                    "po_description": {
                        "nullable": true
                    },
                    "vendor_id": {
                        "type": "integer"
                    },
                    "vendor_name": {
                        "type": "string"
                    },
                    "invoice_no": {
                        "type": "string"
                    },
                    "invoice_date": {
                        "type": "string"
                    },
                    "grn_number": {
                        "type": "string"
                    },
                    "po_amount": {
                        "type": "integer"
                    },
                    "po_amt_inv_track": {
                        "type": "integer"
                    },
                    "po_inv_paid_amt": {
                        "nullable": true
                    },
                    "amount": {
                        "nullable": true
                    },
                    "charge_account": {
                        "type": "string"
                    },
                    "charge_account_desc": {
                        "type": "string"
                    },
                    "department": {
                        "nullable": true
                    },
                    "department_approver": {
                        "nullable": true
                    },
                    "approver1": {
                        "nullable": true
                    },
                    "approver2": {
                        "nullable": true
                    },
                    "approver3": {
                        "nullable": true
                    },
                    "approver4": {
                        "nullable": true
                    },
                    "approver5": {
                        "nullable": true
                    },
                    "comments": {
                        "nullable": true
                    },
                    "status": {
                        "type": "string"
                    },
                    "creation_date": {
                        "type": "string"
                    },
                    "created_by": {
                        "type": "string"
                    },
                    "last_update_date": {
                        "type": "string"
                    },
                    "last_updated_by": {
                        "type": "string"
                    },
                    "last_update_login": {
                        "type": "string"
                    },
                    "vendor_no": {
                        "type": "string"
                    },
                    "po_release_no": {
                        "type": "string"
                    },
                    "invoice_description": {
                        "type": "string"
                    },
                    "currency_code": {
                        "type": "string"
                    },
                    "currency_description": {
                        "type": "string"
                    },
                    "func_id": {
                        "type": "integer"
                    },
                    "department_approver_email": {
                        "nullable": true
                    },
                    "department_approver_name": {
                        "nullable": true
                    },
                    "approver_id": {
                        "type": "integer"
                    },
                    "approver_name": {
                        "nullable": true
                    },
                    "approver_number": {
                        "nullable": true
                    },
                    "approver_email": {
                        "nullable": true
                    },
                    "approver_level": {
                        "nullable": true
                    },
                    "inv_required": {
                        "type": "string"
                    },
                    "integration_status": {
                        "type": "string"
                    },
                    "integration_message": {
                        "type": "string"
                    },
                    "saas_invoice_id": {
                        "nullable": true
                    },
                    "links": {
                        "type": "array",
                        "items": {
                            "type": "object",
                            "properties": {
                                "rel": {
                                    "type": "string"
                                },
                                "href": {
                                    "type": "string"
                                }
                            }
                        }
                    }
                }
            },
            "GetXxinvoicehdrInvhdrid": {
                "type": "object",
                "properties": {
                    "inv_track_id": {
                        "type": "integer"
                    },
                    "object_version_number": {
                        "type": "integer"
                    },
                    "invoice_request_no": {
                        "type": "string"
                    },
                    "invoice_category": {
                        "nullable": true
                    },
                    "invoice_type": {
                        "nullable": true
                    },
                    "person_id": {
                        "type": "integer"
                    },
                    "po_type": {
                        "type": "string"
                    },
                    "po_number": {
                        "type": "string"
                    },
                    "po_description": {
                        "nullable": true
                    },
                    "vendor_id": {
                        "type": "integer"
                    },
                    "vendor_name": {
                        "type": "string"
                    },
                    "invoice_no": {
                        "type": "string"
                    },
                    "invoice_date": {
                        "type": "string"
                    },
                    "grn_number": {
                        "type": "string"
                    },
                    "po_amount": {
                        "type": "integer"
                    },
                    "po_amt_inv_track": {
                        "type": "integer"
                    },
                    "po_inv_paid_amt": {
                        "nullable": true
                    },
                    "amount": {
                        "nullable": true
                    },
                    "charge_account": {
                        "type": "string"
                    },
                    "charge_account_desc": {
                        "type": "string"
                    },
                    "department": {
                        "nullable": true
                    },
                    "department_approver": {
                        "nullable": true
                    },
                    "approver1": {
                        "nullable": true
                    },
                    "approver2": {
                        "nullable": true
                    },
                    "approver3": {
                        "nullable": true
                    },
                    "approver4": {
                        "nullable": true
                    },
                    "approver5": {
                        "nullable": true
                    },
                    "comments": {
                        "nullable": true
                    },
                    "status": {
                        "type": "string"
                    },
                    "creation_date": {
                        "type": "string"
                    },
                    "created_by": {
                        "type": "string"
                    },
                    "last_update_date": {
                        "type": "string"
                    },
                    "last_updated_by": {
                        "type": "string"
                    },
                    "last_update_login": {
                        "type": "string"
                    },
                    "vendor_no": {
                        "type": "string"
                    },
                    "po_release_no": {
                        "type": "string"
                    },
                    "invoice_description": {
                        "type": "string"
                    },
                    "currency_code": {
                        "type": "string"
                    },
                    "currency_description": {
                        "type": "string"
                    },
                    "func_id": {
                        "type": "integer"
                    },
                    "department_approver_email": {
                        "nullable": true
                    },
                    "department_approver_name": {
                        "nullable": true
                    },
                    "approver_id": {
                        "type": "integer"
                    },
                    "approver_name": {
                        "nullable": true
                    },
                    "approver_number": {
                        "nullable": true
                    },
                    "approver_email": {
                        "nullable": true
                    },
                    "approver_level": {
                        "nullable": true
                    },
                    "inv_required": {
                        "type": "string"
                    },
                    "integration_status": {
                        "type": "string"
                    },
                    "integration_message": {
                        "type": "string"
                    },
                    "saas_invoice_id": {
                        "nullable": true
                    },
                    "links": {
                        "type": "array",
                        "items": {
                            "type": "object",
                            "properties": {
                                "rel": {
                                    "type": "string"
                                },
                                "href": {
                                    "type": "string"
                                }
                            }
                        }
                    }
                }
            },
            "DeleteXxinvoicehdrInvhdridResponse": {
                "type": "object",
                "properties": {
                    "rowsDeleted": {
                        "type": "integer"
                    }
                }
            }
        }
    }
}