{
  "description": "",
  "root": "if",
  "actions": {
    "if": {
      "module": "vb/action/builtin/ifAction",
      "parameters": {
        "condition": "[[ $application.responsive.lgUp ]]"
      },
      "outcomes": {
        "true": "callFunctionAnimateNavMenu",
        "false": "callFunctionToggleDrawer"
      }
    },
    "callFunctionAnimateNavMenu": {
      "module": "vb/action/builtin/callModuleFunctionAction",
      "parameters": {
        "module": "[[ $functions ]]",
        "functionName": "animateNavMenu"
      }
    },
    "callFunctionToggleDrawer": {
      "module": "vb/action/builtin/callModuleFunctionAction",
      "parameters": {
        "module": "[[ $functions ]]",
        "functionName": "toggleDrawer"
      }
    }
  },
  "variables": {}
}