{
    "items": [
        {
            "inv_track_id": 12,
            "object_version_number": 0,
            "invoice_request_no": "INV-REQ-12",
            "invoice_category": null,
            "invoice_type": null,
            "person_id": 300000004768858,
            "po_type": "STANDARD",
            "po_number": "QIA-21-10093-PO",
            "po_description": null,
            "vendor_id": 300000004778354,
            "vendor_name": "QIA1004",
            "invoice_no": "INV-2022",
            "invoice_date": "2022-01-01T00:00:00Z",
            "grn_number": "100001",
            "po_amount": 30000,
            "po_amt_inv_track": 30000,
            "po_inv_paid_amt": null,
            "amount": null,
            "charge_account": "00010.00000.000000.00000.000000.00000.00000",
            "charge_account_desc": "QIA       .Zz.Default.Zz.Zz.Zz.Zz",
            "department": null,
            "department_approver": null,
            "approver1": null,
            "approver2": null,
            "approver3": null,
            "approver4": null,
            "approver5": null,
            "comments": null,
            "status": "Approved",
            "creation_date": "2022-01-18T00:00:00Z",
            "created_by": "deepakraj.c@4iapps.com",
            "last_update_date": "2022-01-22T00:00:00Z",
            "last_updated_by": "deepakraj.c@4iapps.com",
            "last_update_login": "deepakraj.c@4iapps.com",
            "vendor_no": "10005",
            "po_release_no": "1",
            "invoice_description": "TESTING AP PASS",
            "currency_code": "QAR",
            "currency_description": "Qatari Rial",
            "func_id": 1,
            "department_approver_email": null,
            "department_approver_name": null,
            "approver_id": -1,
            "approver_name": null,
            "approver_number": null,
            "approver_email": null,
            "approver_level": null,
            "inv_required": "true",
            "integration_status": "Error",
            "integration_message": "ICS runtime execution error",
            "saas_invoice_id": null,
            "links": [
                {
                    "rel": "self",
                    "href": "http://143.47.185.0:8080/ords/qiaordswst1/xxinvoicehdr/12"
                }
            ]
        },
        {
            "inv_track_id": 14,
            "object_version_number": 0,
            "invoice_request_no": "INV-REQ-14",
            "invoice_category": null,
            "invoice_type": null,
            "person_id": 300000004768858,
            "po_type": "STANDARD",
            "po_number": "QIA-21-10011-PO",
            "po_description": null,
            "vendor_id": 300000004778339,
            "vendor_name": "QATAR TRAVELS",
            "invoice_no": "INV-014",
            "invoice_date": "2022-01-17T00:00:00Z",
            "grn_number": "INV-014",
            "po_amount": 500,
            "po_amt_inv_track": 20000,
            "po_inv_paid_amt": null,
            "amount": null,
            "charge_account": "00010.00000.123001.00000.000000.00000.00000",
            "charge_account_desc": "QIA       .Zz.Inventory Valuation A/C.Zz.Zz.Zz.Zz",
            "department": null,
            "department_approver": null,
            "approver1": null,
            "approver2": null,
            "approver3": null,
            "approver4": null,
            "approver5": null,
            "comments": "INV-014",
            "status": "Approved",
            "creation_date": "2022-01-18T00:00:00Z",
            "created_by": "deepakraj.c@4iapps.com",
            "last_update_date": "2022-01-18T00:00:00Z",
            "last_updated_by": "deepakraj.c@4iapps.com",
            "last_update_login": "deepakraj.c@4iapps.com",
            "vendor_no": "10002",
            "po_release_no": null,
            "invoice_description": "INV-014",
            "currency_code": "QAR",
            "currency_description": "Qatari Rial",
            "func_id": 1,
            "department_approver_email": null,
            "department_approver_name": null,
            "approver_id": -1,
            "approver_name": null,
            "approver_number": null,
            "approver_email": null,
            "approver_level": null,
            "inv_required": "true",
            "integration_status": "Error",
            "integration_message": "ICS runtime execution error",
            "saas_invoice_id": null,
            "links": [
                {
                    "rel": "self",
                    "href": "http://143.47.185.0:8080/ords/qiaordswst1/xxinvoicehdr/14"
                }
            ]
        },
        {
            "inv_track_id": 7,
            "object_version_number": 0,
            "invoice_request_no": "INV-REQ-7",
            "invoice_category": null,
            "invoice_type": null,
            "person_id": 1168,
            "po_type": "STANDARD",
            "po_number": "QIA-21-10039-PO",
            "po_description": null,
            "vendor_id": 300000004778349,
            "vendor_name": "QIA1003",
            "invoice_no": "INV01-01",
            "invoice_date": "2022-01-04T00:00:00Z",
            "grn_number": "INV-2022-04",
            "po_amount": 500,
            "po_amt_inv_track": null,
            "po_inv_paid_amt": 200,
            "amount": 500,
            "charge_account": "00010.00000.123001.00000.000000.00000.00000",
            "charge_account_desc": "QIA       .Zz.Inventory Valuation A/C.Zz.Zz.Zz.Zz",
            "department": null,
            "department_approver": null,
            "approver1": null,
            "approver2": null,
            "approver3": null,
            "approver4": null,
            "approver5": null,
            "comments": "INV-2022-04",
            "status": "Approved",
            "creation_date": "2022-01-04T00:00:00Z",
            "created_by": "aravindhkumar.s@4iapps.com",
            "last_update_date": "2022-01-04T00:00:00Z",
            "last_updated_by": "aravindhkumar.s@4iapps.com",
            "last_update_login": "aravindhkumar.s@4iapps.com",
            "vendor_no": "10004",
            "po_release_no": "INV-2022-04",
            "invoice_description": "INV-2022-04",
            "currency_code": "QAR",
            "currency_description": "Qatari Rial",
            "func_id": 1,
            "department_approver_email": null,
            "department_approver_name": null,
            "approver_id": -1,
            "approver_name": null,
            "approver_number": null,
            "approver_email": null,
            "approver_level": null,
            "inv_required": "true",
            "integration_status": "AP Invoiced",
            "integration_message": null,
            "saas_invoice_id": 300000008045266,
            "links": [
                {
                    "rel": "self",
                    "href": "http://143.47.185.0:8080/ords/qiaordswst1/xxinvoicehdr/7"
                }
            ]
        },
        {
            "inv_track_id": -99,
            "object_version_number": 0,
            "invoice_request_no": "INV-01",
            "invoice_category": null,
            "invoice_type": null,
            "person_id": 1,
            "po_type": null,
            "po_number": null,
            "po_description": null,
            "vendor_id": null,
            "vendor_name": "QIA1001",
            "invoice_no": "INV01-02",
            "invoice_date": "2021-12-08T00:00:00Z",
            "grn_number": "G01",
            "po_amount": null,
            "po_amt_inv_track": null,
            "po_inv_paid_amt": 600,
            "amount": 500,
            "charge_account": "00010.00000.123001.00000.000000.00000.00000",
            "charge_account_desc": "QIA - Inv.IT.Telephone and Telex Expense.Zz.Zz.Zz.Zz",
            "department": "Liquid Securities",
            "department_approver": 1001,
            "approver1": null,
            "approver2": null,
            "approver3": null,
            "approver4": null,
            "approver5": null,
            "comments": null,
            "status": "Draft",
            "creation_date": "2021-12-08T00:00:00Z",
            "created_by": "sathiyanarayanan.v@4iapps.com",
            "last_update_date": "2021-12-08T00:00:00Z",
            "last_updated_by": "sathiyanarayanan.v@4iapps.com",
            "last_update_login": "sathiyanarayanan.v@4iapps.com",
            "vendor_no": "10002",
            "po_release_no": "500",
            "invoice_description": "INV001",
            "currency_code": "QAR",
            "currency_description": "Qatari Rial",
            "func_id": 1,
            "department_approver_email": "sathiyanarayanan.v@4iapps.com",
            "department_approver_name": "Sathiyanarayanan.V",
            "approver_id": 1121,
            "approver_name": null,
            "approver_number": null,
            "approver_email": null,
            "approver_level": null,
            "inv_required": null,
            "integration_status": "READY_TO_AP",
            "integration_message": null,
            "saas_invoice_id": null,
            "links": [
                {
                    "rel": "self",
                    "href": "http://143.47.185.0:8080/ords/qiaordswst1/xxinvoicehdr/-99"
                }
            ]
        },
        {
            "inv_track_id": -990,
            "object_version_number": 0,
            "invoice_request_no": "INV-01",
            "invoice_category": null,
            "invoice_type": null,
            "person_id": 1,
            "po_type": null,
            "po_number": null,
            "po_description": null,
            "vendor_id": null,
            "vendor_name": "QIA1001",
            "invoice_no": "INV01-03",
            "invoice_date": "2021-12-08T00:00:00Z",
            "grn_number": "G01",
            "po_amount": null,
            "po_amt_inv_track": null,
            "po_inv_paid_amt": 600,
            "amount": 500,
            "charge_account": "00010.00000.123001.00000.000000.00000.00000",
            "charge_account_desc": "QIA - Inv.IT.Telephone and Telex Expense.Zz.Zz.Zz.Zz",
            "department": "Liquid Securities",
            "department_approver": 1001,
            "approver1": null,
            "approver2": null,
            "approver3": null,
            "approver4": null,
            "approver5": null,
            "comments": null,
            "status": "Draft",
            "creation_date": "2021-12-08T00:00:00Z",
            "created_by": "sathiyanarayanan.v@4iapps.com",
            "last_update_date": "2021-12-08T00:00:00Z",
            "last_updated_by": "sathiyanarayanan.v@4iapps.com",
            "last_update_login": "sathiyanarayanan.v@4iapps.com",
            "vendor_no": "10002",
            "po_release_no": "500",
            "invoice_description": "INV001",
            "currency_code": "QAR",
            "currency_description": "Qatari Rial",
            "func_id": 1,
            "department_approver_email": "sathiyanarayanan.v@4iapps.com",
            "department_approver_name": "Sathiyanarayanan.V",
            "approver_id": 1121,
            "approver_name": null,
            "approver_number": null,
            "approver_email": null,
            "approver_level": null,
            "inv_required": null,
            "integration_status": "READY_TO_AP",
            "integration_message": null,
            "saas_invoice_id": null,
            "links": [
                {
                    "rel": "self",
                    "href": "http://143.47.185.0:8080/ords/qiaordswst1/xxinvoicehdr/-990"
                }
            ]
        },
        {
            "inv_track_id": 5,
            "object_version_number": 0,
            "invoice_request_no": "INV-REQ-5",
            "invoice_category": null,
            "invoice_type": null,
            "person_id": 1168,
            "po_type": "STANDARD",
            "po_number": "QIA-21-10028-PO",
            "po_description": null,
            "vendor_id": 300000004779216,
            "vendor_name": "Qatar Airways",
            "invoice_no": "INV01-04",
            "invoice_date": "2021-12-21T00:00:00Z",
            "grn_number": "grn01",
            "po_amount": 200,
            "po_amt_inv_track": 150,
            "po_inv_paid_amt": 500,
            "amount": 200,
            "charge_account": "00010.00000.123001.00000.000000.00000.00000",
            "charge_account_desc": "QIA       .Zz.Inventory Valuation A/C.Zz.Zz.Zz.Zz",
            "department": null,
            "department_approver": null,
            "approver1": null,
            "approver2": null,
            "approver3": null,
            "approver4": null,
            "approver5": null,
            "comments": "inv005",
            "status": "Approved",
            "creation_date": "2021-12-21T00:00:00Z",
            "created_by": "aravindhkumar.s@4iapps.com",
            "last_update_date": "2022-01-09T00:00:00Z",
            "last_updated_by": "aravindhkumar.s@4iapps.com",
            "last_update_login": "aravindhkumar.s@4iapps.com",
            "vendor_no": "10001",
            "po_release_no": "po001",
            "invoice_description": "inv005",
            "currency_code": "QAR",
            "currency_description": "Qatari Rial",
            "func_id": 1,
            "department_approver_email": null,
            "department_approver_name": null,
            "approver_id": -1,
            "approver_name": null,
            "approver_number": null,
            "approver_email": null,
            "approver_level": null,
            "inv_required": "true",
            "integration_status": "AP Invoiced",
            "integration_message": null,
            "saas_invoice_id": 300000008045267,
            "links": [
                {
                    "rel": "self",
                    "href": "http://143.47.185.0:8080/ords/qiaordswst1/xxinvoicehdr/5"
                }
            ]
        },
        {
            "inv_track_id": 8,
            "object_version_number": 0,
            "invoice_request_no": "INV-REQ-8",
            "invoice_category": null,
            "invoice_type": null,
            "person_id": 1168,
            "po_type": "STANDARD",
            "po_number": "QIA-21-10055-PO",
            "po_description": null,
            "vendor_id": 300000004778364,
            "vendor_name": "QIA1006",
            "invoice_no": "INV01-05",
            "invoice_date": "2022-01-09T00:00:00Z",
            "grn_number": "PO INV-008",
            "po_amount": 500,
            "po_amt_inv_track": null,
            "po_inv_paid_amt": 200,
            "amount": 200,
            "charge_account": "00010.00000.123001.00000.000000.00000.00000",
            "charge_account_desc": "QIA       .Zz.Inventory Valuation A/C.Zz.Zz.Zz.Zz",
            "department": null,
            "department_approver": null,
            "approver1": null,
            "approver2": null,
            "approver3": null,
            "approver4": null,
            "approver5": null,
            "comments": "INV-008",
            "status": "Approved",
            "creation_date": "2022-01-09T00:00:00Z",
            "created_by": "aravindhkumar.s@4iapps.com",
            "last_update_date": "2022-01-09T00:00:00Z",
            "last_updated_by": "aravindhkumar.s@4iapps.com",
            "last_update_login": "aravindhkumar.s@4iapps.com",
            "vendor_no": "10007",
            "po_release_no": "PO INV-008",
            "invoice_description": "INV-008",
            "currency_code": "QAR",
            "currency_description": "Qatari Rial",
            "func_id": 1,
            "department_approver_email": null,
            "department_approver_name": null,
            "approver_id": -1,
            "approver_name": null,
            "approver_number": null,
            "approver_email": null,
            "approver_level": null,
            "inv_required": "true",
            "integration_status": "AP Invoiced",
            "integration_message": null,
            "saas_invoice_id": 300000008046261,
            "links": [
                {
                    "rel": "self",
                    "href": "http://143.47.185.0:8080/ords/qiaordswst1/xxinvoicehdr/8"
                }
            ]
        },
        {
            "inv_track_id": -999,
            "object_version_number": 0,
            "invoice_request_no": "INV-01",
            "invoice_category": null,
            "invoice_type": null,
            "person_id": 1,
            "po_type": null,
            "po_number": null,
            "po_description": null,
            "vendor_id": null,
            "vendor_name": "QIA1001",
            "invoice_no": "INV01-06",
            "invoice_date": "2021-12-08T00:00:00Z",
            "grn_number": "G01",
            "po_amount": null,
            "po_amt_inv_track": null,
            "po_inv_paid_amt": 600,
            "amount": 200,
            "charge_account": "00010.00000.123001.00000.000000.00000.00000",
            "charge_account_desc": "QIA - Inv.IT.Telephone and Telex Expense.Zz.Zz.Zz.Zz",
            "department": "Liquid Securities",
            "department_approver": 1001,
            "approver1": null,
            "approver2": null,
            "approver3": null,
            "approver4": null,
            "approver5": null,
            "comments": null,
            "status": "Draft",
            "creation_date": "2021-12-08T00:00:00Z",
            "created_by": "sathiyanarayanan.v@4iapps.com",
            "last_update_date": "2021-12-08T00:00:00Z",
            "last_updated_by": "sathiyanarayanan.v@4iapps.com",
            "last_update_login": "sathiyanarayanan.v@4iapps.com",
            "vendor_no": "10002",
            "po_release_no": "500",
            "invoice_description": "INV001",
            "currency_code": "QAR",
            "currency_description": "Qatari Rial",
            "func_id": 1,
            "department_approver_email": "sathiyanarayanan.v@4iapps.com",
            "department_approver_name": "Sathiyanarayanan.V",
            "approver_id": 1121,
            "approver_name": null,
            "approver_number": null,
            "approver_email": null,
            "approver_level": null,
            "inv_required": null,
            "integration_status": "READY_TO_AP",
            "integration_message": null,
            "saas_invoice_id": null,
            "links": [
                {
                    "rel": "self",
                    "href": "http://143.47.185.0:8080/ords/qiaordswst1/xxinvoicehdr/-999"
                }
            ]
        },
        {
            "inv_track_id": 9,
            "object_version_number": 0,
            "invoice_request_no": "INV-REQ-9",
            "invoice_category": null,
            "invoice_type": null,
            "person_id": 1168,
            "po_type": "STANDARD",
            "po_number": "QIA-21-10079-PO",
            "po_description": null,
            "vendor_id": 300000004778339,
            "vendor_name": "QATAR TRAVELS",
            "invoice_no": "INV01-07",
            "invoice_date": "2022-01-10T00:00:00Z",
            "grn_number": "GRINV-009",
            "po_amount": 200,
            "po_amt_inv_track": 200,
            "po_inv_paid_amt": 300,
            "amount": 300,
            "charge_account": "00011.00011.620111.00000.000000.00000.00000",
            "charge_account_desc": "QIA - Inv.IT.Telephone and Telex Expense.Zz.Zz.Zz.Zz",
            "department": null,
            "department_approver": null,
            "approver1": null,
            "approver2": null,
            "approver3": null,
            "approver4": null,
            "approver5": null,
            "comments": "INV-009",
            "status": "Approved",
            "creation_date": "2022-01-09T00:00:00Z",
            "created_by": "aravindhkumar.s@4iapps.com",
            "last_update_date": "2022-01-09T00:00:00Z",
            "last_updated_by": "aravindhkumar.s@4iapps.com",
            "last_update_login": "aravindhkumar.s@4iapps.com",
            "vendor_no": "10002",
            "po_release_no": "POINV-009",
            "invoice_description": "INV-009",
            "currency_code": "QAR",
            "currency_description": "Qatari Rial",
            "func_id": 1,
            "department_approver_email": null,
            "department_approver_name": null,
            "approver_id": -1,
            "approver_name": null,
            "approver_number": null,
            "approver_email": null,
            "approver_level": null,
            "inv_required": "true",
            "integration_status": "AP Invoiced",
            "integration_message": null,
            "saas_invoice_id": 300000008045273,
            "links": [
                {
                    "rel": "self",
                    "href": "http://143.47.185.0:8080/ords/qiaordswst1/xxinvoicehdr/9"
                }
            ]
        },
        {
            "inv_track_id": 10,
            "object_version_number": 0,
            "invoice_request_no": "INV-REQ-10",
            "invoice_category": null,
            "invoice_type": null,
            "person_id": 1168,
            "po_type": "STANDARD",
            "po_number": "QIA-21-10079-PO",
            "po_description": null,
            "vendor_id": 300000004778339,
            "vendor_name": "QATAR TRAVELS",
            "invoice_no": "INV01-08",
            "invoice_date": "2022-01-10T00:00:00Z",
            "grn_number": "grInv-010",
            "po_amount": null,
            "po_amt_inv_track": 200,
            "po_inv_paid_amt": 500,
            "amount": 2000,
            "charge_account": "00011.00011.620111.00000.000000.00000.00000",
            "charge_account_desc": "QIA - Inv.IT.Telephone and Telex Expense.Zz.Zz.Zz.Zz",
            "department": null,
            "department_approver": null,
            "approver1": null,
            "approver2": null,
            "approver3": null,
            "approver4": null,
            "approver5": null,
            "comments": "PO Invoice Track Amount",
            "status": "Approved",
            "creation_date": "2022-01-09T00:00:00Z",
            "created_by": "aravindhkumar.s@4iapps.com",
            "last_update_date": "2022-01-09T00:00:00Z",
            "last_updated_by": "aravindhkumar.s@4iapps.com",
            "last_update_login": "aravindhkumar.s@4iapps.com",
            "vendor_no": "10002",
            "po_release_no": "poInv-010",
            "invoice_description": "Inv-010",
            "currency_code": "QAR",
            "currency_description": "Qatari Rial",
            "func_id": 1,
            "department_approver_email": null,
            "department_approver_name": null,
            "approver_id": -1,
            "approver_name": null,
            "approver_number": null,
            "approver_email": null,
            "approver_level": null,
            "inv_required": "true",
            "integration_status": "READY_TO_AP",
            "integration_message": null,
            "saas_invoice_id": null,
            "links": [
                {
                    "rel": "self",
                    "href": "http://143.47.185.0:8080/ords/qiaordswst1/xxinvoicehdr/10"
                }
            ]
        },
        {
            "inv_track_id": 16,
            "object_version_number": 0,
            "invoice_request_no": "INV-REQ-16",
            "invoice_category": null,
            "invoice_type": null,
            "person_id": 300000004768858,
            "po_type": "STANDARD",
            "po_number": "QIA-21-10066-PO",
            "po_description": null,
            "vendor_id": 300000004779390,
            "vendor_name": "QIA1008",
            "invoice_no": "INV-001115",
            "invoice_date": "2021-12-08T00:00:00Z",
            "grn_number": "INV-001115",
            "po_amount": 600,
            "po_amt_inv_track": 5000,
            "po_inv_paid_amt": null,
            "amount": null,
            "charge_account": "00010.00000.123001.00000.000000.00000.00000",
            "charge_account_desc": "QIA       .Zz.Inventory Valuation A/C.Zz.Zz.Zz.Zz",
            "department": null,
            "department_approver": null,
            "approver1": null,
            "approver2": null,
            "approver3": null,
            "approver4": null,
            "approver5": null,
            "comments": "INV-001115",
            "status": "Approved",
            "creation_date": "2022-01-18T00:00:00Z",
            "created_by": "deepakraj.c@4iapps.com",
            "last_update_date": "2022-01-18T00:00:00Z",
            "last_updated_by": "deepakraj.c@4iapps.com",
            "last_update_login": "deepakraj.c@4iapps.com",
            "vendor_no": "10012",
            "po_release_no": "INV-001115",
            "invoice_description": "INV-001115",
            "currency_code": "QAR",
            "currency_description": "Qatari Rial",
            "func_id": 1,
            "department_approver_email": null,
            "department_approver_name": null,
            "approver_id": -1,
            "approver_name": null,
            "approver_number": null,
            "approver_email": null,
            "approver_level": null,
            "inv_required": "true",
            "integration_status": "READY_TO_AP",
            "integration_message": null,
            "saas_invoice_id": null,
            "links": [
                {
                    "rel": "self",
                    "href": "http://143.47.185.0:8080/ords/qiaordswst1/xxinvoicehdr/16"
                }
            ]
        },
        {
            "inv_track_id": 18,
            "object_version_number": 0,
            "invoice_request_no": "INV-REQ-18",
            "invoice_category": null,
            "invoice_type": null,
            "person_id": 300000004768858,
            "po_type": "STANDARD",
            "po_number": "QIA-21-10075-PO",
            "po_description": null,
            "vendor_id": 300000004779216,
            "vendor_name": "Qatar Airways",
            "invoice_no": "INV-00117",
            "invoice_date": "2021-12-08T00:00:00Z",
            "grn_number": "grINV-00117",
            "po_amount": 6000,
            "po_amt_inv_track": 400,
            "po_inv_paid_amt": 200,
            "amount": 300,
            "charge_account": "00010.00000.123001.00000.000000.00000.00000",
            "charge_account_desc": "QIA       .Zz.Inventory Valuation A/C.Zz.Zz.Zz.Zz",
            "department": null,
            "department_approver": null,
            "approver1": null,
            "approver2": null,
            "approver3": null,
            "approver4": null,
            "approver5": null,
            "comments": "INV-00117",
            "status": "Approved",
            "creation_date": "2022-01-18T00:00:00Z",
            "created_by": "deepakraj.c@4iapps.com",
            "last_update_date": "2022-01-18T00:00:00Z",
            "last_updated_by": "deepakraj.c@4iapps.com",
            "last_update_login": "deepakraj.c@4iapps.com",
            "vendor_no": "10001",
            "po_release_no": "POINV-00117",
            "invoice_description": "INV-00117",
            "currency_code": "QAR",
            "currency_description": "Qatari Rial",
            "func_id": 1,
            "department_approver_email": null,
            "department_approver_name": null,
            "approver_id": -1,
            "approver_name": null,
            "approver_number": null,
            "approver_email": null,
            "approver_level": null,
            "inv_required": "true",
            "integration_status": "READY_TO_AP",
            "integration_message": null,
            "saas_invoice_id": null,
            "links": [
                {
                    "rel": "self",
                    "href": "http://143.47.185.0:8080/ords/qiaordswst1/xxinvoicehdr/18"
                }
            ]
        },
        {
            "inv_track_id": 19,
            "object_version_number": 0,
            "invoice_request_no": "INV-REQ-19",
            "invoice_category": null,
            "invoice_type": null,
            "person_id": 300000004768858,
            "po_type": "STANDARD",
            "po_number": "QIA-21-10066-PO",
            "po_description": null,
            "vendor_id": 300000004779390,
            "vendor_name": "QIA1008",
            "invoice_no": "INV-00118",
            "invoice_date": "2021-12-08T00:00:00Z",
            "grn_number": "gINV-00118",
            "po_amount": 5000,
            "po_amt_inv_track": 300,
            "po_inv_paid_amt": 200,
            "amount": 300,
            "charge_account": "00010.00000.123001.00000.000000.00000.00000",
            "charge_account_desc": "QIA       .Zz.Inventory Valuation A/C.Zz.Zz.Zz.Zz",
            "department": null,
            "department_approver": null,
            "approver1": null,
            "approver2": null,
            "approver3": null,
            "approver4": null,
            "approver5": null,
            "comments": "INV-00118",
            "status": "Approved",
            "creation_date": "2022-01-18T00:00:00Z",
            "created_by": "deepakraj.c@4iapps.com",
            "last_update_date": "2022-01-18T00:00:00Z",
            "last_updated_by": "deepakraj.c@4iapps.com",
            "last_update_login": "deepakraj.c@4iapps.com",
            "vendor_no": "10012",
            "po_release_no": "INV-00118",
            "invoice_description": "INV-00118",
            "currency_code": "QAR",
            "currency_description": "Qatari Rial",
            "func_id": 1,
            "department_approver_email": null,
            "department_approver_name": null,
            "approver_id": -1,
            "approver_name": null,
            "approver_number": null,
            "approver_email": null,
            "approver_level": null,
            "inv_required": "true",
            "integration_status": "AP Invoiced",
            "integration_message": null,
            "saas_invoice_id": 300000008045274,
            "links": [
                {
                    "rel": "self",
                    "href": "http://143.47.185.0:8080/ords/qiaordswst1/xxinvoicehdr/19"
                }
            ]
        },
        {
            "inv_track_id": 20,
            "object_version_number": 0,
            "invoice_request_no": "INV-REQ-20",
            "invoice_category": null,
            "invoice_type": null,
            "person_id": 300000004768858,
            "po_type": "STANDARD",
            "po_number": "QIA-21-10026-PO",
            "po_description": null,
            "vendor_id": 300000004779216,
            "vendor_name": "Qatar Airways",
            "invoice_no": "INV-00119",
            "invoice_date": "2021-12-09T00:00:00Z",
            "grn_number": "SRINV-00119",
            "po_amount": 5000,
            "po_amt_inv_track": 300,
            "po_inv_paid_amt": 200,
            "amount": 500,
            "charge_account": "00010.00000.123001.00000.000000.00000.00000",
            "charge_account_desc": "QIA       .Zz.Inventory Valuation A/C.Zz.Zz.Zz.Zz",
            "department": null,
            "department_approver": null,
            "approver1": null,
            "approver2": null,
            "approver3": null,
            "approver4": null,
            "approver5": null,
            "comments": "INV-00119",
            "status": "Approved",
            "creation_date": "2022-01-18T00:00:00Z",
            "created_by": "deepakraj.c@4iapps.com",
            "last_update_date": "2022-01-18T00:00:00Z",
            "last_updated_by": "deepakraj.c@4iapps.com",
            "last_update_login": "deepakraj.c@4iapps.com",
            "vendor_no": "10001",
            "po_release_no": "POINV-00119",
            "invoice_description": "INV-00119",
            "currency_code": "QAR",
            "currency_description": "Qatari Rial",
            "func_id": 1,
            "department_approver_email": null,
            "department_approver_name": null,
            "approver_id": -1,
            "approver_name": null,
            "approver_number": null,
            "approver_email": null,
            "approver_level": null,
            "inv_required": "true",
            "integration_status": "AP Invoiced",
            "integration_message": null,
            "saas_invoice_id": 300000008044275,
            "links": [
                {
                    "rel": "self",
                    "href": "http://143.47.185.0:8080/ords/qiaordswst1/xxinvoicehdr/20"
                }
            ]
        },
        {
            "inv_track_id": 22,
            "object_version_number": 0,
            "invoice_request_no": "INV-REQ-22",
            "invoice_category": null,
            "invoice_type": null,
            "person_id": 300000007585183,
            "po_type": "STANDARD",
            "po_number": "QIA-21-10075-PO",
            "po_description": null,
            "vendor_id": 300000004779216,
            "vendor_name": "Qatar Airways",
            "invoice_no": "INV-001122",
            "invoice_date": "2021-12-10T00:00:00Z",
            "grn_number": null,
            "po_amount": 400,
            "po_amt_inv_track": 200,
            "po_inv_paid_amt": 200,
            "amount": 200,
            "charge_account": "00010.00000.123001.00000.000000.00000.00000",
            "charge_account_desc": "QIA       .Zz.Inventory Valuation A/C.Zz.Zz.Zz.Zz",
            "department": null,
            "department_approver": null,
            "approver1": null,
            "approver2": null,
            "approver3": null,
            "approver4": null,
            "approver5": null,
            "comments": "INV-001122",
            "status": "Approved",
            "creation_date": "2022-01-18T00:00:00Z",
            "created_by": "srinivas.r@4iapps.com",
            "last_update_date": "2022-01-18T00:00:00Z",
            "last_updated_by": "srinivas.r@4iapps.com",
            "last_update_login": "srinivas.r@4iapps.com",
            "vendor_no": "10001",
            "po_release_no": null,
            "invoice_description": "INV-001122",
            "currency_code": "QAR",
            "currency_description": "Qatari Rial",
            "func_id": 1,
            "department_approver_email": null,
            "department_approver_name": null,
            "approver_id": -1,
            "approver_name": null,
            "approver_number": null,
            "approver_email": null,
            "approver_level": null,
            "inv_required": "true",
            "integration_status": "AP Invoiced",
            "integration_message": null,
            "saas_invoice_id": 300000008046271,
            "links": [
                {
                    "rel": "self",
                    "href": "http://143.47.185.0:8080/ords/qiaordswst1/xxinvoicehdr/22"
                }
            ]
        },
        {
            "inv_track_id": 15,
            "object_version_number": 0,
            "invoice_request_no": "INV-REQ-15",
            "invoice_category": null,
            "invoice_type": null,
            "person_id": 300000007585183,
            "po_type": "STANDARD",
            "po_number": "QIA-21-10008-PO",
            "po_description": null,
            "vendor_id": 300000004778339,
            "vendor_name": "QATAR TRAVELS",
            "invoice_no": "INV-00114",
            "invoice_date": "2021-12-08T00:00:00Z",
            "grn_number": "INV-00114",
            "po_amount": 400,
            "po_amt_inv_track": 40000,
            "po_inv_paid_amt": null,
            "amount": null,
            "charge_account": "00010.00000.123001.00000.000000.00000.00000",
            "charge_account_desc": "QIA       .Zz.Inventory Valuation A/C.Zz.Zz.Zz.Zz",
            "department": null,
            "department_approver": null,
            "approver1": null,
            "approver2": null,
            "approver3": null,
            "approver4": null,
            "approver5": null,
            "comments": "INV-00114",
            "status": "Approved",
            "creation_date": "2022-01-18T00:00:00Z",
            "created_by": "srinivas.r@4iapps.com",
            "last_update_date": "2022-01-18T00:00:00Z",
            "last_updated_by": "srinivas.r@4iapps.com",
            "last_update_login": "srinivas.r@4iapps.com",
            "vendor_no": "10002",
            "po_release_no": null,
            "invoice_description": "INV-00114",
            "currency_code": "QAR",
            "currency_description": "Qatari Rial",
            "func_id": 1,
            "department_approver_email": null,
            "department_approver_name": null,
            "approver_id": -1,
            "approver_name": null,
            "approver_number": null,
            "approver_email": null,
            "approver_level": null,
            "inv_required": "true",
            "integration_status": "READY_TO_AP",
            "integration_message": null,
            "saas_invoice_id": null,
            "links": [
                {
                    "rel": "self",
                    "href": "http://143.47.185.0:8080/ords/qiaordswst1/xxinvoicehdr/15"
                }
            ]
        },
        {
            "inv_track_id": 17,
            "object_version_number": 0,
            "invoice_request_no": "INV-REQ-17",
            "invoice_category": null,
            "invoice_type": null,
            "person_id": 300000004768858,
            "po_type": "STANDARD",
            "po_number": "QIA-21-10081-PO",
            "po_description": null,
            "vendor_id": 300000004779216,
            "vendor_name": "Qatar Airways",
            "invoice_no": "INV-00116",
            "invoice_date": "2021-12-09T00:00:00Z",
            "grn_number": "INV-00116",
            "po_amount": 500,
            "po_amt_inv_track": 5000,
            "po_inv_paid_amt": 500,
            "amount": null,
            "charge_account": "00010.00000.123001.00000.000000.00000.00000",
            "charge_account_desc": "QIA       .Zz.Inventory Valuation A/C.Zz.Zz.Zz.Zz",
            "department": null,
            "department_approver": null,
            "approver1": null,
            "approver2": null,
            "approver3": null,
            "approver4": null,
            "approver5": null,
            "comments": "INV-00116",
            "status": "Approved",
            "creation_date": "2022-01-18T00:00:00Z",
            "created_by": "deepakraj.c@4iapps.com",
            "last_update_date": "2022-01-18T00:00:00Z",
            "last_updated_by": "deepakraj.c@4iapps.com",
            "last_update_login": "deepakraj.c@4iapps.com",
            "vendor_no": "10001",
            "po_release_no": "INV-00116",
            "invoice_description": "INV-00116",
            "currency_code": "QAR",
            "currency_description": "Qatari Rial",
            "func_id": 1,
            "department_approver_email": null,
            "department_approver_name": null,
            "approver_id": -1,
            "approver_name": null,
            "approver_number": null,
            "approver_email": null,
            "approver_level": null,
            "inv_required": "true",
            "integration_status": "AP Invoiced",
            "integration_message": null,
            "saas_invoice_id": 300000008045272,
            "links": [
                {
                    "rel": "self",
                    "href": "http://143.47.185.0:8080/ords/qiaordswst1/xxinvoicehdr/17"
                }
            ]
        },
        {
            "inv_track_id": 21,
            "object_version_number": 0,
            "invoice_request_no": "INV-REQ-21",
            "invoice_category": null,
            "invoice_type": null,
            "person_id": 300000004768858,
            "po_type": "STANDARD",
            "po_number": "QIA-21-10028-PO",
            "po_description": null,
            "vendor_id": 300000004779216,
            "vendor_name": "Qatar Airways",
            "invoice_no": "INV-001121",
            "invoice_date": "2021-12-15T00:00:00Z",
            "grn_number": "INV-001121",
            "po_amount": 5000,
            "po_amt_inv_track": 300,
            "po_inv_paid_amt": 200,
            "amount": 200,
            "charge_account": "00010.00000.123001.00000.000000.00000.00000",
            "charge_account_desc": "QIA       .Zz.Inventory Valuation A/C.Zz.Zz.Zz.Zz",
            "department": null,
            "department_approver": null,
            "approver1": null,
            "approver2": null,
            "approver3": null,
            "approver4": null,
            "approver5": null,
            "comments": "INV-001121",
            "status": "Approved",
            "creation_date": "2022-01-18T00:00:00Z",
            "created_by": "deepakraj.c@4iapps.com",
            "last_update_date": "2022-01-18T00:00:00Z",
            "last_updated_by": "deepakraj.c@4iapps.com",
            "last_update_login": "deepakraj.c@4iapps.com",
            "vendor_no": "10001",
            "po_release_no": "INV-001121",
            "invoice_description": "INV-001121",
            "currency_code": "QAR",
            "currency_description": "Qatari Rial",
            "func_id": 1,
            "department_approver_email": null,
            "department_approver_name": null,
            "approver_id": -1,
            "approver_name": null,
            "approver_number": null,
            "approver_email": null,
            "approver_level": null,
            "inv_required": "true",
            "integration_status": "READY_TO_AP",
            "integration_message": null,
            "saas_invoice_id": null,
            "links": [
                {
                    "rel": "self",
                    "href": "http://143.47.185.0:8080/ords/qiaordswst1/xxinvoicehdr/21"
                }
            ]
        },
        {
            "inv_track_id": 23,
            "object_version_number": 0,
            "invoice_request_no": "INV-REQ-23",
            "invoice_category": null,
            "invoice_type": null,
            "person_id": 300000004768858,
            "po_type": "STANDARD",
            "po_number": "QIA-21-10028-PO",
            "po_description": null,
            "vendor_id": 300000004779216,
            "vendor_name": "Qatar Airways",
            "invoice_no": "INV-001123",
            "invoice_date": "2021-12-23T00:00:00Z",
            "grn_number": "grINV-001123",
            "po_amount": 5000,
            "po_amt_inv_track": 300,
            "po_inv_paid_amt": 300,
            "amount": 200,
            "charge_account": "00010.00000.123001.00000.000000.00000.00000",
            "charge_account_desc": "QIA       .Zz.Inventory Valuation A/C.Zz.Zz.Zz.Zz",
            "department": null,
            "department_approver": null,
            "approver1": null,
            "approver2": null,
            "approver3": null,
            "approver4": null,
            "approver5": null,
            "comments": "INV-001123",
            "status": "Approved",
            "creation_date": "2022-01-19T00:00:00Z",
            "created_by": "deepakraj.c@4iapps.com",
            "last_update_date": "2022-01-19T00:00:00Z",
            "last_updated_by": "deepakraj.c@4iapps.com",
            "last_update_login": "deepakraj.c@4iapps.com",
            "vendor_no": "10001",
            "po_release_no": "POINV-001123",
            "invoice_description": "INV-001123",
            "currency_code": "QAR",
            "currency_description": "Qatari Rial",
            "func_id": 1,
            "department_approver_email": null,
            "department_approver_name": null,
            "approver_id": -1,
            "approver_name": null,
            "approver_number": null,
            "approver_email": null,
            "approver_level": null,
            "inv_required": "true",
            "integration_status": "READY_TO_AP",
            "integration_message": null,
            "saas_invoice_id": null,
            "links": [
                {
                    "rel": "self",
                    "href": "http://143.47.185.0:8080/ords/qiaordswst1/xxinvoicehdr/23"
                }
            ]
        },
        {
            "inv_track_id": 24,
            "object_version_number": 0,
            "invoice_request_no": "INV-REQ-24",
            "invoice_category": null,
            "invoice_type": null,
            "person_id": 300000007585183,
            "po_type": "STANDARD",
            "po_number": "QIA-21-10013-PO",
            "po_description": null,
            "vendor_id": 300000004778354,
            "vendor_name": "QIA1004",
            "invoice_no": "TEST-001AB",
            "invoice_date": "2021-12-08T00:00:00Z",
            "grn_number": "GRTEST-001AB",
            "po_amount": 5000,
            "po_amt_inv_track": 300,
            "po_inv_paid_amt": 200,
            "amount": 400,
            "charge_account": "00010.00000.620103.00000.000000.00000.00000",
            "charge_account_desc": "QIA       .Zz.Car Fuel, Washing Etc Expenses.Zz.Zz.Zz.Zz",
            "department": null,
            "department_approver": null,
            "approver1": null,
            "approver2": null,
            "approver3": null,
            "approver4": null,
            "approver5": null,
            "comments": "TEST-001AB",
            "status": "Approved",
            "creation_date": "2022-01-20T00:00:00Z",
            "created_by": "srinivas.r@4iapps.com",
            "last_update_date": "2022-01-20T00:00:00Z",
            "last_updated_by": "srinivas.r@4iapps.com",
            "last_update_login": "srinivas.r@4iapps.com",
            "vendor_no": "10005",
            "po_release_no": "POTEST-001AB",
            "invoice_description": "TEST-001AB",
            "currency_code": "QAR",
            "currency_description": "Qatari Rial",
            "func_id": 1,
            "department_approver_email": null,
            "department_approver_name": null,
            "approver_id": -1,
            "approver_name": null,
            "approver_number": null,
            "approver_email": null,
            "approver_level": null,
            "inv_required": "true",
            "integration_status": "AP Invoiced",
            "integration_message": null,
            "saas_invoice_id": 300000008045275,
            "links": [
                {
                    "rel": "self",
                    "href": "http://143.47.185.0:8080/ords/qiaordswst1/xxinvoicehdr/24"
                }
            ]
        },
        {
            "inv_track_id": 4,
            "object_version_number": 0,
            "invoice_request_no": "INV-REQ-4",
            "invoice_category": null,
            "invoice_type": null,
            "person_id": 1168,
            "po_type": "STANDARD",
            "po_number": "QIA-21-10017-PO",
            "po_description": null,
            "vendor_id": 300000004778349,
            "vendor_name": "QIA1003",
            "invoice_no": "INV01-09",
            "invoice_date": "2021-12-22T00:00:00Z",
            "grn_number": "FRN01",
            "po_amount": 600,
            "po_amt_inv_track": null,
            "po_inv_paid_amt": null,
            "amount": 600,
            "charge_account": "00010.00000.115260.00000.000000.00000.00000",
            "charge_account_desc": "QIA       .Zz.FA Vehicles Clearing.Zz.Zz.Zz.Zz",
            "department": null,
            "department_approver": null,
            "approver1": null,
            "approver2": null,
            "approver3": null,
            "approver4": null,
            "approver5": null,
            "comments": null,
            "status": "Pending",
            "creation_date": "2021-12-20T00:00:00Z",
            "created_by": "aravindhkumar.s@4iapps.com",
            "last_update_date": "2021-12-20T00:00:00Z",
            "last_updated_by": "aravindhkumar.s@4iapps.com",
            "last_update_login": "aravindhkumar.s@4iapps.com",
            "vendor_no": "10004",
            "po_release_no": "PO091",
            "invoice_description": "INV003",
            "currency_code": "QAR",
            "currency_description": "Qatari Rial",
            "func_id": 1,
            "department_approver_email": null,
            "department_approver_name": null,
            "approver_id": 300000004809868,
            "approver_name": "SCM Demo User",
            "approver_number": "3",
            "approver_email": "vignesh.sekar@4iapps.com",
            "approver_level": 1,
            "inv_required": "true",
            "integration_status": "READY_TO_AP",
            "integration_message": null,
            "saas_invoice_id": null,
            "links": [
                {
                    "rel": "self",
                    "href": "http://143.47.185.0:8080/ords/qiaordswst1/xxinvoicehdr/4"
                }
            ]
        },
        {
            "inv_track_id": 6,
            "object_version_number": 0,
            "invoice_request_no": "INV-REQ-6",
            "invoice_category": null,
            "invoice_type": null,
            "person_id": 1168,
            "po_type": "STANDARD",
            "po_number": "QIA-21-10019-PO",
            "po_description": null,
            "vendor_id": 300000004778359,
            "vendor_name": "QIA1005",
            "invoice_no": "INV01-10",
            "invoice_date": "2021-12-22T00:00:00Z",
            "grn_number": "GRN01",
            "po_amount": 500,
            "po_amt_inv_track": null,
            "po_inv_paid_amt": 200,
            "amount": 500,
            "charge_account": "00010.00000.115260.00000.000000.00000.00000",
            "charge_account_desc": "QIA       .Zz.FA Vehicles Clearing.Zz.Zz.Zz.Zz",
            "department": null,
            "department_approver": null,
            "approver1": null,
            "approver2": null,
            "approver3": null,
            "approver4": null,
            "approver5": null,
            "comments": "GRN01",
            "status": "Pending",
            "creation_date": "2021-12-21T00:00:00Z",
            "created_by": "aravindhkumar.s@4iapps.com",
            "last_update_date": "2021-12-21T00:00:00Z",
            "last_updated_by": "aravindhkumar.s@4iapps.com",
            "last_update_login": "aravindhkumar.s@4iapps.com",
            "vendor_no": "10006",
            "po_release_no": "POGRN01",
            "invoice_description": "INV-06",
            "currency_code": "QAR",
            "currency_description": "Qatari Rial",
            "func_id": 1,
            "department_approver_email": null,
            "department_approver_name": null,
            "approver_id": 300000004809868,
            "approver_name": "SCM Demo User",
            "approver_number": "3",
            "approver_email": "vignesh.sekar@4iapps.com",
            "approver_level": 2,
            "inv_required": "true",
            "integration_status": "READY_TO_AP",
            "integration_message": null,
            "saas_invoice_id": null,
            "links": [
                {
                    "rel": "self",
                    "href": "http://143.47.185.0:8080/ords/qiaordswst1/xxinvoicehdr/6"
                }
            ]
        },
        {
            "inv_track_id": 11,
            "object_version_number": 0,
            "invoice_request_no": "INV-REQ-11",
            "invoice_category": null,
            "invoice_type": null,
            "person_id": 300000007585183,
            "po_type": "STANDARD",
            "po_number": "QIA-21-10019-PO",
            "po_description": null,
            "vendor_id": 300000004778359,
            "vendor_name": "QIA1005",
            "invoice_no": "IN-001-INA",
            "invoice_date": "2022-01-14T00:00:00Z",
            "grn_number": "IN-001-INA",
            "po_amount": 500,
            "po_amt_inv_track": 400,
            "po_inv_paid_amt": 200,
            "amount": 200,
            "charge_account": "00010.00000.115260.00000.000000.00000.00000",
            "charge_account_desc": "QIA       .Zz.FA Vehicles Clearing.Zz.Zz.Zz.Zz",
            "department": null,
            "department_approver": null,
            "approver1": null,
            "approver2": null,
            "approver3": null,
            "approver4": null,
            "approver5": null,
            "comments": "IN-001-INA",
            "status": "Approved",
            "creation_date": "2022-01-13T00:00:00Z",
            "created_by": "srinivas.r@4iapps.com",
            "last_update_date": "2022-01-13T00:00:00Z",
            "last_updated_by": "srinivas.r@4iapps.com",
            "last_update_login": "srinivas.r@4iapps.com",
            "vendor_no": "10006",
            "po_release_no": "IN-001-INA",
            "invoice_description": "IN-001-INA",
            "currency_code": "QAR",
            "currency_description": "Qatari Rial",
            "func_id": 1,
            "department_approver_email": null,
            "department_approver_name": null,
            "approver_id": -1,
            "approver_name": null,
            "approver_number": null,
            "approver_email": null,
            "approver_level": null,
            "inv_required": "true",
            "integration_status": "AP Invoiced",
            "integration_message": null,
            "saas_invoice_id": 300000008044271,
            "links": [
                {
                    "rel": "self",
                    "href": "http://143.47.185.0:8080/ords/qiaordswst1/xxinvoicehdr/11"
                }
            ]
        },
        {
            "inv_track_id": 13,
            "object_version_number": 0,
            "invoice_request_no": "INV-REQ-13",
            "invoice_category": null,
            "invoice_type": null,
            "person_id": 300000004768858,
            "po_type": "STANDARD",
            "po_number": "QIA-21-10032-PO",
            "po_description": null,
            "vendor_id": 300000004779358,
            "vendor_name": "QIA1007",
            "invoice_no": "INV-013",
            "invoice_date": "2022-01-17T00:00:00Z",
            "grn_number": null,
            "po_amount": 400,
            "po_amt_inv_track": 3000,
            "po_inv_paid_amt": null,
            "amount": null,
            "charge_account": "00010.00000.123001.00000.000000.00000.00000",
            "charge_account_desc": "QIA       .Zz.Inventory Valuation A/C.Zz.Zz.Zz.Zz",
            "department": null,
            "department_approver": null,
            "approver1": null,
            "approver2": null,
            "approver3": null,
            "approver4": null,
            "approver5": null,
            "comments": null,
            "status": "Approved",
            "creation_date": "2022-01-18T00:00:00Z",
            "created_by": "deepakraj.c@4iapps.com",
            "last_update_date": "2022-01-18T00:00:00Z",
            "last_updated_by": "deepakraj.c@4iapps.com",
            "last_update_login": "deepakraj.c@4iapps.com",
            "vendor_no": "10011",
            "po_release_no": null,
            "invoice_description": "INV-013",
            "currency_code": "QAR",
            "currency_description": "Qatari Rial",
            "func_id": 1,
            "department_approver_email": null,
            "department_approver_name": null,
            "approver_id": -1,
            "approver_name": null,
            "approver_number": null,
            "approver_email": null,
            "approver_level": null,
            "inv_required": "true",
            "integration_status": "AP Invoiced",
            "integration_message": null,
            "saas_invoice_id": 300000008044274,
            "links": [
                {
                    "rel": "self",
                    "href": "http://143.47.185.0:8080/ords/qiaordswst1/xxinvoicehdr/13"
                }
            ]
        },
        {
            "inv_track_id": 3,
            "object_version_number": 0,
            "invoice_request_no": "INV-REQ-3",
            "invoice_category": null,
            "invoice_type": null,
            "person_id": 1168,
            "po_type": "STANDARD",
            "po_number": "QIA-21-10020-PO",
            "po_description": null,
            "vendor_id": 300000004778364,
            "vendor_name": "QIA1006",
            "invoice_no": "INV01-11",
            "invoice_date": "2021-12-15T00:00:00Z",
            "grn_number": "grn01",
            "po_amount": 500,
            "po_amt_inv_track": null,
            "po_inv_paid_amt": null,
            "amount": 500,
            "charge_account": "00010.00000.115260.00000.000000.00000.00000",
            "charge_account_desc": "QIA       .Zz.FA Vehicles Clearing.Zz.Zz.Zz.Zz",
            "department": null,
            "department_approver": 1168,
            "approver1": null,
            "approver2": null,
            "approver3": null,
            "approver4": null,
            "approver5": null,
            "comments": null,
            "status": "Pending",
            "creation_date": "2021-12-13T00:00:00Z",
            "created_by": "aravindhkumar.s@4iapps.com",
            "last_update_date": "2021-12-17T00:00:00Z",
            "last_updated_by": "aravindhkumar.s@4iapps.com",
            "last_update_login": "aravindhkumar.s@4iapps.com",
            "vendor_no": "10007",
            "po_release_no": "grn01",
            "invoice_description": "INV03",
            "currency_code": "QAR",
            "currency_description": "Qatari Rial",
            "func_id": 1,
            "department_approver_email": "aravindhkumar.s@4iapps.com",
            "department_approver_name": "1",
            "approver_id": 1121,
            "approver_name": "Muhammad Haneef",
            "approver_number": "1121",
            "approver_email": "balaji.gajula@4iapps.com",
            "approver_level": 2,
            "inv_required": null,
            "integration_status": "READY_TO_AP",
            "integration_message": null,
            "saas_invoice_id": null,
            "links": [
                {
                    "rel": "self",
                    "href": "http://143.47.185.0:8080/ords/qiaordswst1/xxinvoicehdr/3"
                }
            ]
        }
    ],
    "hasMore": true,
    "limit": 25,
    "offset": 0,
    "count": 25,
    "links": [
        {
            "rel": "self",
            "href": "http://143.47.185.0:8080/ords/qiaordswst1/xxinvoicehdr/"
        },
        {
            "rel": "edit",
            "href": "http://143.47.185.0:8080/ords/qiaordswst1/xxinvoicehdr/"
        },
        {
            "rel": "describedby",
            "href": "http://143.47.185.0:8080/ords/qiaordswst1/metadata-catalog/xxinvoicehdr/"
        },
        {
            "rel": "first",
            "href": "http://143.47.185.0:8080/ords/qiaordswst1/xxinvoicehdr/"
        },
        {
            "rel": "next",
            "href": "http://143.47.185.0:8080/ords/qiaordswst1/xxinvoicehdr/?offset=25"
        }
    ]
}